id,idnum,gruppe,ACTION1_time_pin1,ACTION1_PeakVel_pin1,ACTION1_MeanAngVel_pin1,ACTION1_TimePeakVel_pin1,ACTION1_NrChangesVel_pin1,ACTION1_PeakDisp_pin1,ACTION1_MeanAngDisp_pin1,ACTION1_TimePeakDisp_pin1,ACTION1_NrChangesDisp_pin1,frapinne1,tilpinne1,ACTION2_time_pin1,ACTION2_PeakVel_pin1,ACTION2_MeanAngVel_pin1,ACTION2_TimePeakVel_pin1,ACTION2_NrChangesVel_pin1,ACTION2_PeakDisp_pin1,ACTION2_MeanAngDisp_pin1,ACTION2_TimePeakDisp_pin1,ACTION2_NrChangesDisp_pin1,framidten1,tilmidten1,ACTION3_time_pin1,ACTION3_PeakVel_pin1,ACTION3_MeanAngVel_pin1,ACTION3_TimePeakVel_pin1,ACTION3_NrChangesVel_pin1,ACTION3_PeakDisp_pin1,ACTION3_MeanAngDisp_pin1,ACTION3_TimePeakDisp_pin1,ACTION3_NrChangesDisp_pin1,frasetteinn1,tilsetteinn1,ACTION4_time_pin1,ACTION4_PeakVel_pin1,ACTION4_MeanAngVel_pin1,ACTION4_TimePeakVel_pin1,ACTION4_NrChangesVel_pin1,ACTION4_PeakDisp_pin1,ACTION4_MeanAngDisp_pin1,ACTION4_TimePeakDisp_pin1,ACTION4_NrChangesDisp_pin1,tid_pinne1,tid_pinne1ms,frabeh2,tilbeh2,ACTION1_time_pin2,ACTION1_PeakVel_pin2,ACTION1_MeanAngVel_pin2,ACTION1_TimePeakVel_pin2,ACTION1_NrChangesVel_pin2,ACTION1_PeakDisp_pin2,ACTION1_MeanAngDisp_pin2,ACTION1_TimePeakDisp_pin2,ACTION1_NrChangesDisp_pin2,frapinne2,tilpinne2,ACTION2_time_pin2,ACTION2_PeakVel_pin2,ACTION2_MeanAngVel_pin2,ACTION2_TimePeakVel_pin2,ACTION2_NrChangesVel_pin2,ACTION2_PeakDisp_pin2,ACTION2_MeanAngDisp_pin2,ACTION2_TimePeakDisp_pin2,ACTION2_NrChangesDisp_pin2,framidten2,tilmidten2,ACTION3_time_pin2,ACTION3_PeakVel_pin2,ACTION3_MeanAngVel_pin2,ACTION3_TimePeakVel_pin2,ACTION3_NrChangesVel_pin2,ACTION3_PeakDisp_pin2,ACTION3_MeanAngDisp_pin2,ACTION3_TimePeakDisp_pin2,ACTION3_NrChangesDisp_pin2,frasetteinn2,tilsetteinn2,ACTION4_time_pin2,ACTION4_PeakVel_pin2,ACTION4_MeanAngVel_pin2,ACTION4_TimePeakVel_pin2,ACTION4_NrChangesVel_pin2,ACTION4_PeakDisp_pin2,ACTION4_MeanAngDisp_pin2,ACTION4_TimePeakDisp_pin2,ACTION4_NrChangesDisp_pin2,tid_pinne2,tid_pinne2ms,frabeh3,tilbeh3,ACTION1_time_pin3,ACTION1_PeakVel_pin3,ACTION1_MeanAngVel_pin3,ACTION1_TimePeakVel_pin3,ACTION1_NrChangesVel_pin3,ACTION1_PeakDisp_pin3,ACTION1_MeanAngDisp_pin3,ACTION1_TimePeakDisp_pin3,ACTION1_NrChangesDisp_pin3,frapinne3,tilpinne3,ACTION2_time_pin3,ACTION2_PeakVel_pin3,ACTION2_MeanAngVel_pin3,ACTION2_TimePeakVel_pin3,ACTION2_NrChangesVel_pin3,ACTION2_PeakDisp_pin3,ACTION2_MeanAngDisp_pin3,ACTION2_TimePeakDisp_pin3,ACTION2_NrChangesDisp_pin3,framidten3,tilmidten3,ACTION3_time_pin3,ACTION3_PeakVel_pin3,ACTION3_MeanAngVel_pin3,ACTION3_TimePeakVel_pin3,ACTION3_NrChangesVel_pin3,ACTION3_PeakDisp_pin3,ACTION3_MeanAngDisp_pin3,ACTION3_TimePeakDisp_pin3,ACTION3_NrChangesDisp_pin3,frasetteinn3,tilsetteinn3,ACTION4_time_pin3,ACTION4_PeakVel_pin3,ACTION4_MeanAngVel_pin3,ACTION4_TimePeakVel_pin3,ACTION4_NrChangesVel_pin3,ACTION4_PeakDisp_pin3,ACTION4_MeanAngDisp_pin3,ACTION4_TimePeakDisp_pin3,ACTION4_NrChangesDisp_pin3,tid_pinne3,tid_pinne3ms,frabeh4,tilbeh4,ACTION1_time_pin4,ACTION1_PeakVel_pin4,ACTION1_MeanAngVel_pin4,ACTION1_TimePeakVel_pin4,ACTION1_NrChangesVel_pin4,ACTION1_PeakDisp_pin4,ACTION1_MeanAngDisp_pin4,ACTION1_TimePeakDisp_pin4,ACTION1_NrChangesDisp_pin4,frapinne4,tilpinne4,ACTION2_time_pin4,ACTION2_PeakVel_pin4,ACTION2_MeanAngVel_pin4,ACTION2_TimePeakVel_pin4,ACTION2_NrChangesVel_pin4,ACTION2_PeakDisp_pin4,ACTION2_MeanAngDisp_pin4,ACTION2_TimePeakDisp_pin4,ACTION2_NrChangesDisp_pin4,framidten4,tilmidten4,ACTION3_time_pin4,ACTION3_PeakVel_pin4,ACTION3_MeanAngVel_pin4,ACTION3_TimePeakVel_pin4,ACTION3_NrChangesVel_pin4,ACTION3_PeakDisp_pin4,ACTION3_MeanAngDisp_pin4,ACTION3_TimePeakDisp_pin4,ACTION3_NrChangesDisp_pin4,frasetteinn4,tilsetteinn4,ACTION4_time_pin4,ACTION4_PeakVel_pin4,ACTION4_MeanAngVel_pin4,ACTION4_TimePeakVel_pin4,ACTION4_NrChangesVel_pin4,ACTION4_PeakDisp_pin4,ACTION4_MeanAngDisp_pin4,ACTION4_TimePeakDisp_pin4,ACTION4_NrChangesDisp_pin4,tid_pinne4,tid_pinne4ms,frabeh5,tilbeh5,ACTION1_time_pin5,ACTION1_PeakVel_pin5,ACTION1_MeanAngVel_pin5,ACTION1_TimePeakVel_pin5,ACTION1_NrChangesVel_pin5,ACTION1_PeakDisp_pin5,ACTION1_MeanAngDisp_pin5,ACTION1_TimePeakDisp_pin5,ACTION1_NrChangesDisp_pin5,frapinne5,tilpinne5,ACTION2_time_pin5,ACTION2_PeakVel_pin5,ACTION2_MeanAngVel_pin5,ACTION2_TimePeakVel_pin5,ACTION2_NrChangesVel_pin5,ACTION2_PeakDisp_pin5,ACTION2_MeanAngDisp_pin5,ACTION2_TimePeakDisp_pin5,ACTION2_NrChangesDisp_pin5,framidten5,tilmidten5,ACTION3_time_pin5,ACTION3_PeakVel_pin5,ACTION3_MeanAngVel_pin5,ACTION3_TimePeakVel_pin5,ACTION3_NrChangesVel_pin5,ACTION3_PeakDisp_pin5,ACTION3_MeanAngDisp_pin5,ACTION3_TimePeakDisp_pin5,ACTION3_NrChangesDisp_pin5,frasetteinn5,tilsetteinn5,ACTION4_time_pin5,ACTION4_PeakVel_pin5,ACTION4_MeanAngVel_pin5,ACTION4_TimePeakVel_pin5,ACTION4_NrChangesVel_pin5,ACTION4_PeakDisp_pin5,ACTION4_MeanAngDisp_pin5,ACTION4_TimePeakDisp_pin5,ACTION4_NrChangesDisp_pin5,tid_pinne5,tid_pinne5ms,frabeh6,tilbeh6,ACTION1_time_pin6,ACTION1_PeakVel_pin6,ACTION1_MeanAngVel_pin6,ACTION1_TimePeakVel_pin6,ACTION1_NrChangesVel_pin6,ACTION1_PeakDisp_pin6,ACTION1_MeanAngDisp_pin6,ACTION1_TimePeakDisp_pin6,ACTION1_NrChangesDisp_pin6,frapinne6,tilpinne6,ACTION2_time_pin6,ACTION2_PeakVel_pin6,ACTION2_MeanAngVel_pin6,ACTION2_TimePeakVel_pin6,ACTION2_NrChangesVel_pin6,ACTION2_PeakDisp_pin6,ACTION2_MeanAngDisp_pin6,ACTION2_TimePeakDisp_pin6,ACTION2_NrChangesDisp_pin6,framidten6,tilmidten6,ACTION3_time_pin6,ACTION3_PeakVel_pin6,ACTION3_MeanAngVel_pin6,ACTION3_TimePeakVel_pin6,ACTION3_NrChangesVel_pin6,ACTION3_PeakDisp_pin6,ACTION3_MeanAngDisp_pin6,ACTION3_TimePeakDisp_pin6,ACTION3_NrChangesDisp_pin6,frasetteinn6,tilsetteinn6,ACTION4_time_pin6,ACTION4_PeakVel_pin6,ACTION4_MeanAngVel_pin6,ACTION4_TimePeakVel_pin6,ACTION4_NrChangesVel_pin6,ACTION4_PeakDisp_pin6,ACTION4_MeanAngDisp_pin6,ACTION4_TimePeakDisp_pin6,ACTION4_NrChangesDisp_pin6,tid_pinne6,tid_pinne6ms,frabeh7,tilbeh7,ACTION1_time_pin7,ACTION1_PeakVel_pin7,ACTION1_MeanAngVel_pin7,ACTION1_TimePeakVel_pin7,ACTION1_NrChangesVel_pin7,ACTION1_PeakDisp_pin7,ACTION1_MeanAngDisp_pin7,ACTION1_TimePeakDisp_pin7,ACTION1_NrChangesDisp_pin7,frapinne7,tilpinne7,ACTION2_time_pin7,ACTION2_PeakVel_pin7,ACTION2_MeanAngVel_pin7,ACTION2_TimePeakVel_pin7,ACTION2_NrChangesVel_pin7,ACTION2_PeakDisp_pin7,ACTION2_MeanAngDisp_pin7,ACTION2_TimePeakDisp_pin7,ACTION2_NrChangesDisp_pin7,framidten7,tilmidten7,ACTION3_time_pin7,ACTION3_PeakVel_pin7,ACTION3_MeanAngVel_pin7,ACTION3_TimePeakVel_pin7,ACTION3_NrChangesVel_pin7,ACTION3_PeakDisp_pin7,ACTION3_MeanAngDisp_pin7,ACTION3_TimePeakDisp_pin7,ACTION3_NrChangesDisp_pin7,frasetteinn7,tilsetteinn7,ACTION4_time_pin7,ACTION4_PeakVel_pin7,ACTION4_MeanAngVel_pin7,ACTION4_TimePeakVel_pin7,ACTION4_NrChangesVel_pin7,ACTION4_PeakDisp_pin7,ACTION4_MeanAngDisp_pin7,ACTION4_TimePeakDisp_pin7,ACTION4_NrChangesDisp_pin7,tid_pinne7,tid_pinne7ms,frabeh8,tilbeh8,ACTION1_time_pin8,ACTION1_PeakVel_pin8,ACTION1_MeanAngVel_pin8,ACTION1_TimePeakVel_pin8,ACTION1_NrChangesVel_pin8,ACTION1_PeakDisp_pin8,ACTION1_MeanAngDisp_pin8,ACTION1_TimePeakDisp_pin8,ACTION1_NrChangesDisp_pin8,frapinne8,tilpinne8,ACTION2_time_pin8,ACTION2_PeakVel_pin8,ACTION2_MeanAngVel_pin8,ACTION2_TimePeakVel_pin8,ACTION2_NrChangesVel_pin8,ACTION2_PeakDisp_pin8,ACTION2_MeanAngDisp_pin8,ACTION2_TimePeakDisp_pin8,ACTION2_NrChangesDisp_pin8,framidten8,tilmidten8,ACTION3_time_pin8,ACTION3_PeakVel_pin8,ACTION3_MeanAngVel_pin8,ACTION3_TimePeakVel_pin8,ACTION3_NrChangesVel_pin8,ACTION3_PeakDisp_pin8,ACTION3_MeanAngDisp_pin8,ACTION3_TimePeakDisp_pin8,ACTION3_NrChangesDisp_pin8,frasetteinn8,tilsetteinn8,ACTION4_time_pin8,ACTION4_PeakVel_pin8,ACTION4_MeanAngVel_pin8,ACTION4_TimePeakVel_pin8,ACTION4_NrChangesVel_pin8,ACTION4_PeakDisp_pin8,ACTION4_MeanAngDisp_pin8,ACTION4_TimePeakDisp_pin8,ACTION4_NrChangesDisp_pin8,tid_pinne8,tid_pinne8ms,frabeh9,tilbeh9,ACTION1_time_pin9,ACTION1_PeakVel_pin9,ACTION1_MeanAngVel_pin9,ACTION1_TimePeakVel_pin9,ACTION1_NrChangesVel_pin9,ACTION1_PeakDisp_pin9,ACTION1_MeanAngDisp_pin9,ACTION1_TimePeakDisp_pin9,ACTION1_NrChangesDisp_pin9,frapinne9,tilpinne9,ACTION2_time_pin9,ACTION2_PeakVel_pin9,ACTION2_MeanAngVel_pin9,ACTION2_TimePeakVel_pin9,ACTION2_NrChangesVel_pin9,ACTION2_PeakDisp_pin9,ACTION2_MeanAngDisp_pin9,ACTION2_TimePeakDisp_pin9,ACTION2_NrChangesDisp_pin9,framidten9,tilmidten9,ACTION3_time_pin9,ACTION3_PeakVel_pin9,ACTION3_MeanAngVel_pin9,ACTION3_TimePeakVel_pin9,ACTION3_NrChangesVel_pin9,ACTION3_PeakDisp_pin9,ACTION3_MeanAngDisp_pin9,ACTION3_TimePeakDisp_pin9,ACTION3_NrChangesDisp_pin9,frasetteinn9,tilsetteinn9,ACTION4_time_pin9,ACTION4_PeakVel_pin9,ACTION4_MeanAngVel_pin9,ACTION4_TimePeakVel_pin9,ACTION4_NrChangesVel_pin9,ACTION4_PeakDisp_pin9,ACTION4_MeanAngDisp_pin9,ACTION4_TimePeakDisp_pin9,ACTION4_NrChangesDisp_pin9,tid_pinne9,tid_pinne9ms,frabeh10,tilbeh10,ACTION1_time_pin10,ACTION1_PeakVel_pin10,ACTION1_MeanAngVel_pin10,ACTION1_TimePeakVel_pin10,ACTION1_NrChangesVel_pin10,ACTION1_PeakDisp_pin10,ACTION1_MeanAngDisp_pin10,ACTION1_TimePeakDisp_pin10,ACTION1_NrChangesDisp_pin10,frapinne10,tilpinne10,ACTION2_time_pin10,ACTION2_PeakVel_pin10,ACTION2_MeanAngVel_pin10,ACTION2_TimePeakVel_pin10,ACTION2_NrChangesVel_pin10,ACTION2_PeakDisp_pin10,ACTION2_MeanAngDisp_pin10,ACTION2_TimePeakDisp_pin10,ACTION2_NrChangesDisp_pin10,framidten10,tilmidten10,ACTION3_time_pin10,ACTION3_PeakVel_pin10,ACTION3_MeanAngVel_pin10,ACTION3_TimePeakVel_pin10,ACTION3_NrChangesVel_pin10,ACTION3_PeakDisp_pin10,ACTION3_MeanAngDisp_pin10,ACTION3_TimePeakDisp_pin10,ACTION3_NrChangesDisp_pin10,frasetteinn10,tilsetteinn10,ACTION4_time_pin10,ACTION4_PeakVel_pin10,ACTION4_MeanAngVel_pin10,ACTION4_TimePeakVel_pin10,ACTION4_NrChangesVel_pin10,ACTION4_PeakDisp_pin10,ACTION4_MeanAngDisp_pin10,ACTION4_TimePeakDisp_pin10,ACTION4_NrChangesDisp_pin10,tid_pinne10,tid_pinne10ms,frabeh11,tilbeh11,ACTION1_time_pin11,ACTION1_PeakVel_pin11,ACTION1_MeanAngVel_pin11,ACTION1_TimePeakVel_pin11,ACTION1_NrChangesVel_pin11,ACTION1_PeakDisp_pin11,ACTION1_MeanAngDisp_pin11,ACTION1_TimePeakDisp_pin11,ACTION1_NrChangesDisp_pin11,frapinne11,tilpinne11,ACTION2_time_pin11,ACTION2_PeakVel_pin11,ACTION2_MeanAngVel_pin11,ACTION2_TimePeakVel_pin11,ACTION2_NrChangesVel_pin11,ACTION2_PeakDisp_pin11,ACTION2_MeanAngDisp_pin11,ACTION2_TimePeakDisp_pin11,ACTION2_NrChangesDisp_pin11,framidten11,tilmidten11,ACTION3_time_pin11,ACTION3_PeakVel_pin11,ACTION3_MeanAngVel_pin11,ACTION3_TimePeakVel_pin11,ACTION3_NrChangesVel_pin11,ACTION3_PeakDisp_pin11,ACTION3_MeanAngDisp_pin11,ACTION3_TimePeakDisp_pin11,ACTION3_NrChangesDisp_pin11,frasetteinn11,tilsetteinn11,ACTION4_time_pin11,ACTION4_PeakVel_pin11,ACTION4_MeanAngVel_pin11,ACTION4_TimePeakVel_pin11,ACTION4_NrChangesVel_pin11,ACTION4_PeakDisp_pin11,ACTION4_MeanAngDisp_pin11,ACTION4_TimePeakDisp_pin11,ACTION4_NrChangesDisp_pin11,tid_pinne11,frabeh12,tilbeh12,ACTION1_time_pin12,ACTION1_PeakVel_pin12,ACTION1_MeanAngVel_pin12,ACTION1_TimePeakVel_pin12,ACTION1_NrChangesVel_pin12,ACTION1_PeakDisp_pin12,ACTION1_MeanAngDisp_pin12,ACTION1_TimePeakDisp_pin12,ACTION1_NrChangesDisp_pin12,frapinne12,tilpinne12,ACTION2_time_pin12,ACTION2_PeakVel_pin12,ACTION2_MeanAngVel_pin12,ACTION2_TimePeakVel_pin12,ACTION2_NrChangesVel_pin12,ACTION2_PeakDisp_pin12,ACTION2_MeanAngDisp_pin12,ACTION2_TimePeakDisp_pin12,ACTION2_NrChangesDisp_pin12,Kjønn,Alder,Helse,Syn,Hørsel,Studieår,MMSE,BDI,Tallspenn_forlengs,Tallspenn_baklengs,Stroop_W,Stroop_C,Stroop_WC,Trail_M_A,Trail_M_B,Dynamo_Høyrehånd,Dynamo_Venstrehånd,Handedness
012,1,1, , , , , , , , , ,1,29,28,192.952,82.044,2,7,50.594,40.287,3,5,30,37,7,354.233,178.236,5,3,50.034,44.994,6,2,38,61,23,385.361,116.421,22,1,43.854,30.113,1,4, , ,62,69,7,850.221,474.815,3,1,64.395,44.032,4,1,70,105,35,279.546,76.992,3,5,50.578,42.037,6,9,106,119,13,143.92,77.43,8,2,28.312,24.555,10,2,120,155,35,260.87,138.87,21,3,39.057,14.231,11,2,90,1500,156,165,9,1097.801,405.691,3,3,38.918,20.463,4,3,166,193,27,187.604,74.739,6,9,35.404,30.952,17,10,194,205,11,226.87,122.229,3,3,49.107,44.316,4,4,206,339,133,416.929,63.523,132,28,37.001,16.22,0,16,180,3000,340,351,11,492.339,212.915,5,3,42.103,28.403,6,2,352,441,89,198.431,55.019,56,17,49.646,38.441,50,11,442,459,17,241.629,89.178,7,4,43.566,38.991,3,5,460,493,33,181.176,56.92,30,4,45.618,39.93,2,4,150,2500,494,505,11,408.645,177.488,7,2,58.337,47.042,5,2,506,571,65,433.722,88.578,39,9,50.904,26.364,28,9,572,583,11,444.39,157.411,1,1,57.326,50.257,7,1,584,617,33,556.942,151.327,26,3,53.176,33.25,0,1,120,2000,618,627,9,521.765,231.562,3,2,44.919,30.926,2,2,628,669,41,278.823,77.169,0,8,43.223,35.915,41,8,670,687,17,131.315,58.947,11,2,49.8,45.38,6,2,688,723,35,150.144,53.675,33,6,45.543,37.851,3,6,102,1700,724,736,12,301.23,108.317,9,3,45.317,38.944,8,3,737,771,34,187.406,65.954,2,6,49.617,41.646,28,6,772,789,17,102.032,54.89,6,3,49.489,46.976,3,4,790,831,41,76.833,33.602,16,6,45.75,36.16,0,1,104,1733.33333333333,832,845,13,311.631,93.654,6,2,44.489,35.767,8,2,846,899,53,313.751,94.305,39,8,46.907,33.005,23,8, , , , , , , , , , , , , , , , , , , , , , , , , , , , , , , , , , , , , , , , , , , , , , , , , , , , , , , , , , , , , , , , , , , , , , , , , , , , , , , , , , , , , , , , , , , , , , , , , , , , , , , , , , , , , , , , , , , , , , , , , , , , , , , , , , , , , , , , , , , , , , , , , , , , , , , , , , , , , , , , , , , , , , , , , , , , , , , , , , , , , , , ,1,24,1,2,1,18,29,1,10,6,102,67,57,15,46,53.5,53.5,17
013,2,1, , , , , , , , , ,1,15,14,170.277,79.53,9,2,39.201,28.562,14,1,16,25,9,311.948,179.281,1,1,63.837,56.774,5,1,26,45,19,151.98,58.243,17,7,55.427,49.796,0,4, , ,46,55,9,408.212,151.632,7,3,48.944,40.802,6,2,56,81,25,282.715,121.882,0,2,45.373,32.691,2,2,82,93,11,259.251,107.465,2,3,55.367,51.647,5,3,94,119,25,114.431,50.291,20,1,52.262,43.634,0,1,70,1166.66666666667,120,129,9,188.245,85.809,8,2,46.107,38.255,9,1,130,151,21,184.788,79.626,10,4,48.828,35.331,1,3,152,163,11,199.422,89.863,4,1,48.779,43.633,8,1,164,207,43,152.466,32.798,43,9,44.825,37.919,0,7,84,1400,208,219,11,215.112,69.23,1,3,46.41,43.049,2,2,220,245,25,166.289,61.421,21,5,42.892,31.425,0,3,246,259,13,331.071,138.729,5,1,59.915,51.02,7,1,260,289,29,231.032,71.478,29,1,51.725,39.548,0,1,78,1300,290,303,13,383.042,180.962,5,3,53.318,40.328,3,3,304,339,35, , , , , , , , ,340,355,15,561.844,155.975,7,2,57.583,43.01,8,2,356,379,23,67.469,36.991,18,5,53.505,48.362,0,2,86,1433.33333333333,380,393,13,464.736,157.136,7,1,56.466,43.25,5,3,394,425,31,225.491,93.416,23,5,30.586,21.097,1,5,426,437,11,302.582,152.273,3,2,52.462,43.607,7,4,438,457,19,118.859,62.108,14,1,44.921,35.888,0,0,74,1233.33333333333,458,471,13,148.627,78.187,10,1,35.836,30.421,9,1,472,493,21,205.275,66.508,1,4,27.491,23.989,0,4,494,507,13,293.228,172.276,5,2,56.535,42.193,9,2,508,545,37,121.279,31.024,37,8,51.912,46.021,0,1,84,1400,546,557,11,333.085,134.812,5,3,48.746,38.474,2,3,558,577,19,275.286,122.701,1,3,31.704,19.006,0,3,578,591,13,219.001,140.52,9,1,59.832,46.423,13,0,592,643,51,223.018,49.298,0,8,56.576,50.996,17,8,94,1566.66666666667,644,655,11,777.182,201.248,10,2,33.497,26.183,9,2,656,673,17,393.304,159.817,16,1,15.138,-6.394,17,1,674,685,11,468.919,198.859,2,1,55.561,44.808,10,1,686,713,27,85.408,35.384,19,3,53.378,49.035,6,5,66,1100,714,729,15,359.693,142.737,14,2,45.592,34.172,1,2,730,759,29,360.138,103.393,28,1,29.763,10.301,0,1,760,775,15,455.735,142.014,2,6,54.729,45.605,8,5,776,859,83,102.456,38.467,65,17,54.74,43.009,21,15,142,2366.66666666667,860,871,11,193.526,95.975,11,2,34.041,27.85,0,2, , , , , , , , , , , , , , , , , , , , , , , , , , , , , , , , , , , , , , , , , , , , , , , , , , , , , , , , ,1,29,1,1,1,16,30,3,6,3,97,75,45,23,58,57,52,20
014,3,1, , , , , , , , , ,1,21,20,199.578,76.47,0,3,62.284,52.825,1,3,22,31,9,247.482,116.476,6,3,45.629,40.656,4,3,32,97,65, , , , , , , , , , ,98,107,9,353.943,120.515,1,0,63.833,55.298,9,0,108,133,25,283.519,122.424,9,6,66.472,48.818,7,6,134,143,9,362.794,190.946,3,1,56.372,42.858,9,1,144,181,37,209.15,69.661,12,8,68.211,55.716,13,6,80,1333.33333333333,182,191,9,498.545,200.468,7,3,55.811,47.407,5,2,192,225,33, , , , , , , , ,226,237,11, , , , , , , , ,238,281,43, , , , , , , , ,96,1600,282,293,11, , , , , , , , ,294,327,33, , , , , , , , ,328,339,11, , , , , , , , ,340,369,29, , , , , , , , ,84,1400,370,379,9, , , , , , , , ,380,433,53, , , , , , , , ,434,443,9, , , , , , , , ,444,469,25, , , , , , , , ,96,1600,470,481,11, , , , , , , , ,482,501,19, , , , , , , , ,502,511,9, , , , , , , , ,512,539,27, , , , , , , , ,66,1100,540,549,9, , , , , , , , ,550,573,23, , , , , , , , ,574,581,7, , , , , , , , ,582,629,47, , , , , , , , ,86,1433.33333333333,630,639,9, , , , , , , , ,640,659,19, , , , , , , , ,660,671,11, , , , , , , , ,672,695,23, , , , , , , , ,62,1033.33333333333,696,707,11, , , , , , , , ,708,723,15, , , , , , , , ,724,739,15, , , , , , , , ,740,807,67, , , , , , , , ,108,1800,808,865,57, , , , , , , , ,866,899,33, , , , , , , , , , , , , , , , , , , , , , , , , , , , , , , , , , , , , , , , , , , , , , , , , , , , , , , , , , , , , , , , , , , , , , , , , , , , , , , , , , , , , , , , , , , , , , , , , , , ,2,27,1,1,1,17,29,9,7,6,103,66,32,24.5,48.5,27,23.666,20
015,4,1, , , , , , , , , ,1,19,18,244.732,127.779,3,5,62.567,55.377,4,5,20,31,11,266.904,86.025,4,3,73.556,68.854,6,2,32,67,35,168.142,83.704,30,2,66.532,43.939,0,2, , ,68,79,11,363.836,160.435,6,2,41.56,26.315,11,1,80,139,59,441.316,101.421,21,5,50.84,26.757,4,4,140,151,11,1200.226,322.291,3,3,68.922,46.947,4,2,152,181,29,158.486,63.06,4,1,51.636,33.682,0,1,110,1833.33333333333,182,191,9,716.944,325.385,4,3,35.932,28.542,3,3,192,215,23,243.047,63.18,23,2,34.219,25.731,3,2,216,225,9,473.968,182.804,4,3,52.944,43.307,8,3,226,257,31,132.941,44.77,25,7,50.058,42.615,1,6,72,1200,258,269,11,922.164,353.424,5,4,34.639,22.672,6,3,270,287,17, , , , , , , , ,288,301,13,268.584,147.01,7,2,54.049,39.38,12,2,302,333,31,340.935,81.886,21,5,56.274,44.613,1,5,72,1200,474,485,11,526.833,153.229,2,4,35.998,22.091,1,2,486,511,25,357.961,109.659,7,9,38.159,31.563,21,5,512,523,11,316.321,114.091,0,4,27.539,24.435,7,4,524,559,35,471.596,195.899,35,3,17.175,-16.929,11,2,82,1366.66666666667,560,573,13,851.311,375.88,5,3,62.717,40.296,10,3,574,595,21,562.842,186.799,0,1,44,11.597,0,1,596,609,13,503.545,184.464,3,3,53.081,40.334,9,3,610,639,29,89.843,49.898,9,2,49.132,39.973,5,1,76,1266.66666666667,640,653,13,155.688,81.494,13,3,31.813,24.374,1,3,654,673,19,639.405,256.191,4,3,46.237,26.308,8,3,674,687,13,505.071,233.637,0,1,64.811,47.809,8,2,688,715,27,131.547,67.764,18,1,53.19,38.052,0,1,72,1200,716,731,15,753.103,229.439,2,5,30.138,24.723,6,5,732,773,41,281.67,65.565,1,8,29.488,23.153,3,8,774,794,20,209.589,64.297,13,3,29.314,24.452,15,3,795,839,44,855.854,126.187,3,2,52.336,11.574,5,2,120,2000,840,853,13,1014.73,286.725,12,4,22.641,5.015,11,5,854,879,25,1222.767,160.841,0,4,55.855,35.961,25,4,880,897,17,788.544,169.823,3,6,76.724,65.703,4,6, , , , , , , , , , , , , , , , , , , , , , , , , , , , , , , , , , , , , , , , , , , , , , , , , , , , , , , , , , , , , , , , , , , , , , , , , , , , , , , , , , , , , , , , , , , , , , , , , , , , , , , , , , , , , , , , , , , , , , , , , , , , , , ,2,25,1,1,1,17,30,1,9,7,89,68,38,13,37.5,38,28.833,20
017,5,1, , , , , , , , , ,1,23,22,144.313,48.8,7,4,48.05,40.761,18,3,24,35,11,421.976,138.436,4,4,50.038,38.982,2,4,36,91,55,355.012,82.097,17,10,46.086,35.941,20,10, , ,92,101,9,630.925,262,9,4,42.51,35.342,3,4,102,143,41,224.864,44.39,0,11,49.039,44.707,21,7,144,151,7,608.598,244.276,3,3,71.107,58.179,4,1,152,179,27,142.79,48.043,16,8,63.919,56.426,0,2,84,1400,180,189,9,1213.336,415.688,7,2,53.455,37.233,3,1,190,213,23,1258.947,121.36,0,8,43.732,35.263,1,7,214,225,11,321.715,212.044,1,1,55.807,47.537,5,1,226,259,33,3066.969,320.797,30,8,89.315,22.099,32,8,76,1266.66666666667,260,269,9,910.514,418.085,3,1,78.265,38.23,0,1,270,313,43,433.923,114.354,42,8,28.918,13.881,7,8,314,333,19,293.631,133.836,12,2,63.111,47.094,13,4,334,359,25,179.351,58.333,20,6,64.192,57.899,7,4,96,1600,360,371,11,330.417,150.776,6,1,55.651,43.358,2,2,372,433,61,395.46,105.375,58,19,41.723,23.874,61,18,434,443,9,290.23,149.579,8,4,46.289,40.809,2,3,444,473,29,328.176,161.164,23,1,29.487,6.673,0,1,110,1833.33333333333,474,487,13,437.351,123.067,0,2,33.802,28.112,13,4,488,515,27,240.644,97.47,1,4,46.772,34.848,22,4,516,529,13,328.031,139.704,8,5,43.372,34.65,2,5,530,557,27, , , , , , , , ,80,1333.33333333333,558,569,11,319.742,175.601,7,3,36.608,27.254,5,2,570,591,21,166.872,70.696,13,5,40.733,30.112,21,3,592,605,13,226.354,127.684,3,2,62.271,50.232,13,3,606,651,45,240.133,68.017,32,10,66.306,54.193,7,11,90,1500,652,665,13,922.734,320.596,5,3,42.628,29.859,6,3,666,687,21,192.445,86.851,17,2,40.263,25.501,21,2,688,703,15,405.175,144.096,10,3,68.876,55.724,14,2,704,733,29,358.565,77.631,24,5,68.209,61.05,1,3,78,1300,734,749,15,1303.004,417.301,5,6,52.17,32.067,6,6,750,769,19,299.673,116.046,11,3,59.708,40.563,17,2,770,783,13,464.538,154.3,7,4,73.932,66.405,8,4,784,807,23,158.298,63.943,17,4,73.363,66.22,1,3,70,1166.66666666667,808,821,13,447.878,186.229,3,1,63.887,44.823,2,1,822,843,21,173.082,61.377,14,7,23.968,18.966,0,7,844,859,15,449.984,177.548,7,2,55.653,39.379,15,2,860,883,23,377.197,124.133,18,2,65.097,53.759,4,2,72,1200,884,897,13,1201.057,371.598,2,3,52.111,31.935,1,3, , , , , , , , , , , , , , , , , , , , , , , , , , , , , , , , , , , , , , , , , , , , , , , , , , , , , , , , ,2,24,2,1,1,17,30,9,8,6,116,84,44,13.5,49,25.666,23.333,24
018,6,1, , , , , , , , , ,1,27,26,607.625,288.697,2,4,47.56,.604,26,3,28,35,7,389.938,187.217,1,1,74.412,68.56,6,1,36,89,53,348.671,70.551,53,11,73.911,60.014,5,9, , ,90,99,9,317.105,143.041,4,4,60.759,53.888,2,3,100,125,25,656.132,270.518,15,6,53.504,33.635,1,6,126,135,9,664.008,293.567,3,2,77.308,63.889,8,2,136,165,29,377.935,97.338,23,4,78.753,64.84,1,5,72,1200,166,177,11,554.201,219.62,5,4,59.701,49.452,4,4,178,195,17,466.256,148.959,4,2,51.088,28.732,0,1,196,213,17,396.024,128.591,3,3,60.506,50.846,13,1,214,255,41,459.137,105.609,34,8,57.767,45.96,10,6,86,1433.33333333333,256,267,11,369.707,195.748,5,3,43.901,38.263,6,3,268,293,25,1448.643,248.054,7,3,71.802,36.177,11,3,294,303,9,490.336,227.206,6,1,54.629,36.627,9,1,304,339,35,360.362,110.912,35,10,64.528,53.434,17,4,80,1333.33333333333,340,349,9,761.7,463.478,7,2,53.253,31.17,1,3,350,407,57, , , , , , , , ,408,415,7, , , , , , , , ,416,441,25, , , , , , , , ,98,1633.33333333333,442,453,11, , , , , , , , ,454,483,29, , , , , , , , ,484,499,15, , , , , , , , ,500,523,23, , , , , , , , ,78,1300,524,533,9, , , , , , , , ,534,577,43, , , , , , , , ,578,591,13, , , , , , , , ,592,627,35, , , , , , , , ,100,1666.66666666667,628,637,9, , , , , , , , ,638,661,23, , , , , , , , ,662,671,9, , , , , , , , ,672,701,29, , , , , , , , ,70,1166.66666666667,702,711,9, , , , , , , , ,712,733,21, , , , , , , , ,734,745,11, , , , , , , , ,746,769,23, , , , , , , , ,64,1066.66666666667,770,781,11, , , , , , , , ,782,841,59, , , , , , , , ,842,853,11, , , , , , , , ,854,885,31, , , , , , , , ,112,1866.66666666667,886,897,11, , , , , , , , , , , , , , , , , , , , , , , , , , , , , , , , , , , , , , , , , , , , , , , , , , , , , , , , , , , , , , , , ,2,25,1,1,1,18,28,4,9,9,100,64,41,21.5,40,32,26.666,19
019,7,1, , , , , , , , , ,1,13,12,173.888,75.428,10,2,8.821,2.482,12,2,14,21,7,357.624,195.548,4,0,35.129,20.845,7,2,22,47,25,186.363,46.659,24,9,38.213,34.229,4,11, , ,48,57,9,376.911,181.433,2,2,39.396,30.301,4,4,58,77,19,241.964,84.028,3,1,22.481,11.219,0,1,78,93,15,193.702,109.264,10,2,41.706,27.489,15,1,94,121,27,210.373,74.195,26,4,43.057,31.802,8,4,70,1166.66666666667,122,129,7,626.326,310.222,0,1,40.48,28.154,1,1,130,159,29,746.9,185.75,28,4,77.229,37.166,26,6,160,171,11,1009.128,355.624,0,1,47.811,2.016,0,1,172,201,29, , , , , , , , ,76,1266.66666666667,202,211,9, , , , , , , , ,212,231,19,102.843,46.957,10,1,20.381,12.107,0,1,232,247,15,470.908,136.274,4,3,43.122,31.59,12,2,248,263,15,206.805,86.325,13,2,42.483,34.747,1,1,58,966.666666666667,264,273,9,446.445,198.669,5,3,35.256,24.571,4,1,274,293,19,401.269,101.396,18,3,16.978,6.618,19,3,294,303,9,537.997,287.597,0,1,62.085,48.485,5,2,304,335,31,55.722,26.208,24,6,51.518,47.408,2,4,68,1133.33333333333,336,345,9,627.505,302.153,7,3,49.173,38.097,1,3,346,363,17,234.213,106.906,2,1,22.671,7.363,0,1,364,375,11,376.419,182.785,1,3,43.435,33.333,10,3,376,399,23,110.049,28.562,20,3,43.682,41.424,11,3,60,1000,400,409,9,353.666,171.195,6,1,41.182,32.422,3,1,410,453,43,560.001,81.818,42,5,15.36,-10.617,38,1,454,465,11,572.306,252.656,6,2,55.96,37.073,8,2,466,485,19,226.334,64.771,18,2,52.072,45.994,0,0,82,1366.66666666667,486,497,11,352.614,191.517,5,2,46.996,34.714,4,2,498,521,23,334.329,170.024,5,3,33.825,20.259,9,4,522,531,9,509.096,204.554,1,2,44.97,36.686,8,2,532,559,27,163.388,44.264,26,8,48.735,45.495,4,4,70,1166.66666666667,560,571,11,309.696,124.292,5,0,45.882,34.906,0,0,572,667,95,460.961,64.59,1,15,18.256,-12.012,35,11,668,683,15,447.206,113.938,5,6,38.691,32.024,15,6,684,711,27,128.224,35.552,25,9,41.528,39.658,7,5,148,2466.66666666667,712,725,13,521.371,189.911,10,4,38.176,27.564,4,4,726,745,19, , , , , , , , ,746,757,11, , , , , , , , ,758,777,19, , , , , , , , ,62,1033.33333333333,778,791,13, , , , , , , , ,792,813,21, , , , , , , , ,814,825,11, , , , , , , , ,826,889,63, , , , , , , , ,108, , , , , , , , , , , , , , , , , , , , , , ,2,22,1,2,1,13,29,6,7,7,105,80,45,15.5,40.5,38.333,33.166,21
0110,8,1, , , , , , , , , ,1,23,22,206.179,77.558,13,1,20.601,9.403,22,1,24,40,16,380.759,102.244,2,5,49.012,41.884,12,1,41,61,20,245.825,87.426,5,1,48.144,30.593,0,3, , ,62,71,9,345.884,182.446,2,1,38.436,31.176,3,1,72,93,21,260.69,95.615,6,4,26.154,19.978,9,3,94,103,9,422.945,208.272,1,2,54.612,45.343,5,2,104,133,29,141.028,58.822,21,4,54.082,41.072,0,4,68,1133.33333333333,134,143,9,217.657,108.205,2,4,38.125,32.201,6,2,144,161,17,157.835,66.538,4,5,32.617,22.086,0,4,162,171,9,576.32,242.01,1,2,56.02,46.172,6,2,172,197,25,297.582,108.048,19,2,60.565,47.633,3,2,60,1000,198,207,9,356.587,200.18,1,1,43.423,34.427,3,1,208,243,35, , , , , , , , ,244,257,13,447.741,150.397,5,3,58.204,45.376,11,3,258,279,21,186.386,85.617,15,2,57.586,44.818,1,1,78,1300,280,289,9,336.187,149.29,3,2,45.722,39.789,9,3,290,317,27,401.06,150.831,4,2,51.774,18.37,1,2,318,331,13,1610.764,379.525,12,2,83.875,29.934,13,2,332,355,23, , , , , , , , ,72,1200,356,365,9,1359.18,489.586,3,3,39.3,12.877,4,3,366,437,71,726.219,105.292,57,8,29.226,6.881,63,10,438,447,9,334.503,141.698,0,0,51.023,43.779,9,0,448,471,23,407.083,93.726,16,4,53.584,43.662,5,6,112,1866.66666666667,472,481,9,138.069,86.642,0,1,36.13,32.629,5,3,482,507,25, , , , , , , , ,508,519,11,269.404,134.51,5,0,48.793,39.303,11,0,520,549,29,187.918,75.956,14,6,49.927,36.833,1,1,74,1233.33333333333,550,559,9,169.99,59.443,2,3,32.854,30.739,7,3,560,581,21,1206.378,253.371,5,4,63.2,21.77,6,4,582,593,11,533.625,233.068,4,3,50.22,38.851,6,1,594,617,23,705.745,157.12,16,1,41.013,24.476,0,1,64,1066.66666666667,618,629,11,209.303,116.947,0,4,26.649,22.389,8,4,630,651,21,827.518,263.444,15,7,51.174,30.706,13,7,652,663,11,340.944,138.404,2,3,48.639,42.571,8,3,664,691,27,265.749,91.088,26,5,47.076,36.419,0,7,70,1166.66666666667,692,703,11,277.77,165.536,3,1,46.972,37.88,4,1,704,741,37, , , , , , , , ,742,753,11,284.555,125.067,5,1,49.5,39.137,11,1,754,777,23,248.696,71.605,20,3,49.97,41.342,0,1,82,1366.66666666667,778,791,13,393.004,177.683,9,3,45.733,34.667,5,3,792,813,21, , , , , , , , ,814,828,14, , , , , , , , ,829,855,26,213.135,90.13,20,4,41.978,32.048,6,2,74,856,869,13,521.602,173.073,9,2,47.067,33.624,8,2,870,891,21,1258.379,248.455,8,5,39.735,25.61,9,4,2,23,1,1,1,17,30,4,6,8,103,77,53,17.5,31.5,32,30.666,18
0112,9,1, , , , , , , , , ,1,9,8,391.263,195.219,5,1,35.679,20.809,8,1,10,21,11,391.966,125.143,0,3,54.39,49.258,8,3,22,55,33,149.165,60.361,25,5,47.072,36.355,0,3, , ,56,65,9,749.326,323.143,4,2,34.927,25.413,3,2,66,87,21,234.642,111.296,20,2,36.972,23.603,21,2,88,97,9,198.439,144.772,4,2,36.881,29.331,0,2,98,153,55, , , , , , , , ,94,1566.66666666667,154,163,9,935.491,472.158,3,1,39.104,12.212,7,1,164,177,13,230.386,88.407,10,4,39.332,30.357,12,2,178,187,9,398.273,112.334,3,3,53.773,47.888,4,2,188,229,41,183.753,38.507,37,15,54.726,50.075,16,6,72,1200,230,239,9,1321.46,504.497,5,2,44.054,28.763,9,3,240,261,21,264.694,147.515,5,1,41.581,26.182,0,1,262,271,9,542.624,187.821,2,1,63.871,53.712,4,1,272,321,49,220.123,65.773,48,9,51.16,33.551,0,5,88,1466.66666666667,322,331,9,420.205,125.24,0,3,34.935,29.577,8,2,332,349,17,267.803,151.172,10,3,32.855,23.94,0,3,350,363,13,226.028,87.792,2,6,44.268,41.397,6,5,364,429,65, , , , , , , , ,104,1733.33333333333,430,443,13,573.786,216.981,3,1,33.6,18.369,13,0,444,463,19,212.822,120.24,17,1,40.052,25.538,19,1,464,473,9,332.953,190.628,7,1,61.069,50.523,5,1,474,499,25,124.643,52.529,22,3,47.038,39.807,0,3,66,1100,500,513,13,205.351,88.39,10,3,40.523,36.543,9,3,514,545,31,331.159,101.111,3,7,27.987,20.297,0,9,546,561,15,189.968,88.694,8,3,39.907,33.98,9,5,562,599,37,410.078,80.251,32,5,32.675,22.223,0,3,96,1600,600,611,11,535.254,208.243,0,1,41.688,31.671,4,1,612,633,21,287.393,130.8,5,3,31.184,21.781,21,3,634,645,11,329.439,118.795,6,5,51.63,44.419,7,5,646,667,21,256.299,81.321,17,5,47.202,38.429,0,3,64,1066.66666666667,668,681,13,543.26,177.398,3,4,43.148,31.837,4,4,682,697,15,453.081,182.226,8,3,28.419,18.923,15,3,698,723,25,278.225,81.416,18,7,58.125,42.872,22,6,724,743,19,237.745,102.939,16,3,54.446,39.621,0,2,72,1200,744,757,13,300.411,120.641,12,5,38.601,32.939,11,5,758,773,15,372.13,181.393,10,3,41.297,24.271,15,3,774,791,17,284.858,80.129,10,4,55.759,47.403,11,5,792,833,41,204.376,44.545,39,8,54.651,43.741,0,4,86,1433.33333333333,834,847,13,562.258,209.574,2,3,50.535,40.023,4,3,848,867,19,481.04,131.269,17,6,39.553,31.59,18,6, , , , , , , , , , , , , , , , , , , , , , , , , , , , , , , , , , , , , , , , , , , , , ,2,25,1,1,2,14.5,30,4,7,5,88,72,44,23.5,61.5,35.833,32.166,19
0114,10,1, , , , , , , , , ,8,43,35,1084.739,197.019,3,5,60.641,40.602,7,5,44,53,9,220.489,111.902,0,0,50.282,43.243,9,0,54,83,29,265.773,82.065,20,5,50.476,34.088,0,2, , ,84,93,9,377.786,307.931,8,3,52.41,32.512,7,3,94,155,61,1128.482,147.386,18,11,65.53,41.269,20,11,156,167,11,134.116,48.093,11,3,64.546,62.094,7,1,168,195,27,250.358,65.49,26,5,58.251,48.079,0,5,108,1800,196,204,8,880.586,363.195,5,1,64.078,47.005,3,1,205,233,28,157.537,79.137,26,3,40.672,32.122,9,2,234,249,15,126.226,61.01,2,4,49.923,45.863,15,2,250,281,31,300.255,83.165,30,5,50.165,39.631,0,3,82,1366.66666666667,282,293,11,508.139,274.784,2,1,64.525,49.105,4,1,294,357,63, , , , , , , , ,358,373,15,272.301,128.607,2,1,62.132,54.858,7,1,374,405,31, , , , , , , , ,120,2000,406,417,11,3098.815,544.688,10,6,38.976,14.015,11,6,418,453,35, , , , , , , , ,454,465,11, , , , , , , , ,466,511,45, , , , , , , , ,102,1700,512,523,11, , , , , , , , ,524,561,37,1108.254,230.617,16,7,72.743,36.065,17,7,562,577,15,379.44,169.833,1,3,56.01,45.715,6,3,578,607,29,769.783,148.691,16,6,46.549,33.068,22,6,92,1533.33333333333,608,625,17,706.3,255.109,3,2,64.666,42.424,5,2,626,653,27,1387.012,322.58,7,3,81.399,43.662,11,3,654,667,13,318.894,158.273,0,3,67.79,60.461,12,3,668,697,29,216.407,71.255,23,1,64.687,53.547,0,1,86,1433.33333333333,698,713,15,1572.141,366.992,13,2,68.072,42.267,15,2,714,741,27,460.853,212.899,11,6,85.749,70.542,12,6,742,765,23,266.971,67.307,0,9,52.898,47.593,22,7, , , , , , , , , , , , , , , , , , , , , , , , , , , , , , , , , , , , , , , , , , , , , , , , , , , , , , , , , , , , , , , , , , , , , , , , , , , , , , , , , , , , , , , , , , , , , , , , , , , , , , , , , , , , , , , , , , , , , , , , , , , , , , , , , , , , , , , , , , , , , , , , , , , , , , , , , , , , , , , , , , , , , , , , , , , , ,1,30,1,1,1,14,30,2,6,9,89,69,53,22.5,49.5,54.166,50,24
0115,11,1, , , , , , , , , ,4,31,27,500.17,137.359,25,5,55.719,18.023,27,3,32,43,11,826.135,315.185,1,1,51.661,26.069,0,1,44,69,25,363.487,54.864,24,7,34.219,28.813,25,3, , ,70,79,9,570.846,229.938,0,2,58.823,47.05,2,2,80,109,29,1082.178,250.706,9,7,38.179,17.042,0,7,110,135,25,348.779,94.071,0,6,42.672,36.942,9,6,136,165,29,261.216,90.45,22,4,39.129,25.733,0,3,92,1533.33333333333,166,177,11,655.355,339.732,2,3,59.996,47.822,4,3,178,195,17,524.21,186.494,15,1,64.829,36.891,17,1,196,209,13,784.191,275.104,2,5,72.196,40.621,0,3,210,239,29,299.407,42.605,28,9,38.056,35.086,29,7,70,1166.66666666667,240,251,11,603.438,225.451,5,3,59.818,46.423,4,3,252,303,51,919.716,237.513,8,5,68.14,23,9,5,304,317,13,303.653,103.475,0,3,30.25,22.907,12,3,318,345,27,197.903,46.582,25,7,37.875,23.219,23,4,102,1700,346,357,11,206.623,120.387,6,2,45.737,38.12,2,2,358,397,39,1255.467,236.923,20,10,61.811,21.998,21,8,398,411,13,423.513,134.771,5,3,45.692,35.597,9,3,412,455,43,108.646,38.433,36,10,42.362,31.518,1,2,106,1766.66666666667,456,467,11,557.795,274.327,2,1,46.758,30.538,4,3,468,509,41,656.96,155.609,1,7,17.067,-17.473,6,3,510,521,11,503.698,118.762,0,1,45.418,39.815,9,1,522,567,45,99.595,43.525,44,10,45.057,34.51,1,5,108,1800,568,581,13,432.485,213.817,2,5,43.14,33.516,4,5,582,641,59,364.013,76.857,38,19,36.266,21.404,40,17,642,655,13,435.871,144.41,5,4,44.034,33.788,12,4,656,679,23,163.991,45.165,22,5,40.72,34.757,0,3,108,1800,680,693,13,370.01,218.187,12,1,53.299,40.411,5,1,694,729,35,453.081,168.152,3,3,19.051,-3.886,11,3,730,741,11,281.335,145.084,2,1,47.382,38.33,10,1,742,767,25,142.048,53.426,24,7,42.886,34.26,0,5,84,1400,768,785,17,400.619,159.772,9,1,51.301,38.62,7,3,786,797,11,226.437,115.851,0,1,20.645,12.445,0,1,798,811,13,380.744,156.821,5,3,43.528,34.557,8,4,812,837,25,206.568,48.814,24,7,41.886,36.359,3,2,66,1100,838,853,15,635.39,226.687,10,5,53.896,42.511,9,5,854,877,23,306.734,96.431,19,3,22.562,16.667,0,5,878,891,13,241.421,106.598,0,3,43.689,38.029,9,3, , , , , , , , , , , , , , , , , , , , , , , , , , , , , , , , , , , , , , , , , , , , , , , , , , , , , , , , , , , , , , , , , , , , , , , , , , , , , , , , ,1,32,1,1,1,17,29,1,13,10,112,73,57,18.5,33.5,50.5,55.333,17
0116,12,1, , , , , , , , , ,1,19,18,583.865,288.634,13,6,90.078,64.175,16,5,20,27,7,343.097,178.06,0,2,84.253,75.757,1,1,28,79,51, , , , , , , , , , ,80,89,9, , , , , , , , ,90,163,73, , , , , , , , ,164,173,9, , , , , , , , ,174,211,37, , , , , , , , ,128,2133.33333333333,212,225,13, , , , , , , , ,226,243,17, , , , , , , , ,244,253,9, , , , , , , , ,254,279,25, , , , , , , , ,64,1066.66666666667,280,289,9, , , , , , , , ,290,311,21, , , , , , , , ,312,323,11, , , , , , , , ,324,371,47, , , , , , , , ,88,1466.66666666667,372,383,11, , , , , , , , ,384,437,53, , , , , , , , ,438,451,13, , , , , , , , ,452,471,19, , , , , , , , ,96,1600,472,487,15, , , , , , , , ,488,503,15, , , , , , , , ,504,515,11, , , , , , , , ,516,543,27, , , , , , , , ,68,1133.33333333333,544,555,11, , , , , , , , ,556,583,27, , , , , , , , ,584,597,13, , , , , , , , ,598,645,47, , , , , , , , ,98,1633.33333333333,646,655,9, , , , , , , , ,656,671,15, , , , , , , , ,672,685,13, , , , , , , , ,686,713,27, , , , , , , , ,64,1066.66666666667,714,727,13, , , , , , , , ,728,747,19, , , , , , , , ,748,757,9, , , , , , , , ,758,785,27, , , , , , , , ,68,1133.33333333333,786,799,13, , , , , , , , ,800,819,19, , , , , , , , ,820,831,11, , , , , , , , ,832,855,23, , , , , , , , ,66,1100,856,867,11, , , , , , , , ,868,897,29, , , , , , , , , , , , , , , , , , , , , , , , , , , , , , , , , , , , , , , , , , , , , , , , , , , , , ,1,25,1,1,1,18,30,1,6,4,106,71,55,15.5,39,50.333,50.5,22
0117,13,1, , , , , , , , , , , , , , , , , , , , ,54,63,9,287.323,120.06,5,3,66.781,61.864,3,3,64,83,19,226.875,81.333,18,1,51.407,39.874,0,1, , ,84,93,9,475.032,247.954,0,2,50.671,41.743,2,2,94,121,27,191.924,80.56,16,5,61.042,55.573,26,5,122,133,11,248.501,132.19,3,0,60.237,48.122,1,0,134,179,45,1326.18,108.637,4,5,37.996,-2.876,3,5,92,1533.33333333333,180,191,11,879.139,345.942,0,2,61.616,43.148,11,2,192,223,31,236.912,102.088,11,3,66.527,56.967,30,2,224,233,9,269.028,104.562,5,3,68.87,64.235,9,1,234,293,59,199.447,28.044,56,16,73.616,69.435,6,11,110,1833.33333333333,294,303,9,269.241,157.461,5,2,69.229,62.712,3,2,304,327,23, , , , , , , , ,328,339,11,330.425,125.228,8,5,80.15,75.437,9,5,340,367,27,84.12,37.83,25,1,72.572,64.404,0,0,70,1166.66666666667,368,379,11,214.055,118.547,7,1,68.225,61.176,6,1,380,407,27,505.687,179.374,11,7,55.016,38.487,0,9,408,419,11,364.479,136.027,1,4,72.627,65.863,8,4,420,463,43,127.271,38.982,4,9,71.578,59.852,0,9,92,1533.33333333333,464,475,11,487.153,171.313,10,3,69.34,62.37,6,3,476,517,41,641.919,117.878,17,7,48.198,29.795,0,6,518,529,11,612.815,239.174,3,2,79.684,65.403,7,1,530,549,19,154.563,67.272,5,2,75.386,63.476,0,0,82,1366.66666666667,550,561,11,442.042,213.826,2,3,69.709,60.429,3,6,562,583,21,418.236,141.327,14,10,57.005,46.524,2,7,584,599,15,364.026,125.325,5,1,78.547,65.891,11,1,600,635,35,514.299,118.232,34,4,78.588,50.757,1,1,82,1366.66666666667,636,647,11,659.723,289.61,5,3,70.232,50.965,3,1,648,699,51,1822.351,348.342,23,11,59.228,22.009,51,13,700,717,17,366.006,165.844,14,3,70.526,60.386,10,3,718,755,37,260.876,57.563,2,6,56.329,51.39,13,6,116,1933.33333333333,756,765,9,210.112,83.822,6,3,53.515,50.077,4,3,766,805,39,637.319,211.004,4,6,56.801,30.25,2,8,806,821,15,373.085,191.472,10,3,75.861,60.755,9,3,822,855,33,308.855,64.578,30,10,54.085,48.112,2,10,96,1600,856,869,13,484.968,187.459,6,5,64.136,51.663,7,6,870,895,25,395.263,156.892,15,7,59.925,46.635,25,7, , , , , , , , , , , , , , , , , , , , , , , , , , , , , , , , , , , , , , , , , , , , , , , , , , , , , , , , , , , , , , , , , , , , , , , , , , , , , , , , , , , , , , , , , , , ,1,33,1,1,1,17,30,0,8,6,96,79,39,38,50,60.833,62.166,17
0119,14,1, , , , , , , , , ,4,81,77, , , , , , , , ,82,93,11,387.287,134.282,2,3,52.944,46.528,10,2,94,137,43,150.343,47.786,29,14,50.869,44.679,0,8, , ,138,147,9,534.882,250.039,2,3,59.528,47.774,3,3,148,169,21, , , , , , , , ,170,183,13,414.335,146.13,8,4,28.027,19.179,6,2,184,235,51,839.781,179.881,11,4,63.319,20.947,14,4,94,1566.66666666667,236,243,7,686.021,360.269,3,1,40.045,25.48,5,1,244,269,25, , , , , , , , ,270,281,11, , , , , , , , ,282,315,33, , , , , , , , ,76,1266.66666666667,316,323,7,377.44,212.176,1,3,33.585,27.299,2,2,324,353,29, , , , , , , , ,354,367,13, , , , , , , , ,368,391,23, , , , , , , , ,72,1200,392,399,7, , , , , , , , ,400,443,43, , , , , , , , ,444,463,19, , , , , , , , ,464,513,49, , , , , , , , ,118,1966.66666666667,514,523,9, , , , , , , , ,524,545,21, , , , , , , , ,546,555,9, , , , , , , , ,556,581,25, , , , , , , , ,64,1066.66666666667,582,593,11, , , , , , , , ,594,615,21, , , , , , , , ,616,625,9, , , , , , , , ,626,651,25, , , , , , , , ,66,1100,652,663,11, , , , , , , , ,664,693,29, , , , , , , , ,694,705,11, , , , , , , , ,706,741,35, , , , , , , , ,86,1433.33333333333,742,759,17, , , , , , , , ,760,795,35, , , , , , , , ,796,809,13, , , , , , , , ,810,853,43, , , , , , , , ,108,1800,854,867,13, , , , , , , , , , , , , , , , , , , , , , , , , , , , , , , , , , , , , , , , , , , , , , , , , , , , , , , , , , , , , , , , , , , , , , , , , , , , , , , , , , , , , , , , , , , , , , , , , , , , , , , , , , , , , , ,2,25,1,1,1,16,29,1,8,7,119,78,51,18.5,38.5,32.833,29.833,20
0120,15,1, , , , , , , , , ,1,35,34,540.202,210.769,19,3,85.032,38.768,0,5,36,49,13,203.992,101.405,1,3,43.993,38.584,10,1,50,79,29,66.281,32.966,14,6,40.242,34.171,1,4, , ,80,89,9,565.062,236.359,7,2,44.156,30.457,6,2,90,115,25,245.236,111.147,19,3,41.707,24.626,25,2,116,127,11,111.188,70.107,1,2,43.977,40.938,8,2,128,159,31,208.805,42.694,31,7,38.671,35.427,31,5,76,1266.66666666667,160,171,11,319.066,204.509,6,1,53.019,40.516,4,1,172,193,21,267.619,73.407,1,1,23.698,14.927,21,1,194,207,13,441.974,135.766,3,4,49.603,43.278,13,4,208,263,55,166.268,54.414,40,8,56.795,48.398,31,7,100,1666.66666666667,264,273,9,423.066,195.169,7,2,46.073,33.215,0,2,274,301,27,211.683,98.283,19,2,45.656,27.275,27,4,302,317,15,170.087,66.797,4,3,59.219,54.635,8,3,318,357,39,848.555,185.935,25,2,54.126,31.895,0,2,90,1500,358,365,7,428.031,208.693,2,1,31.284,21.665,4,1,366,387,21,347.706,89.234,20,5,26.457,18.429,21,5,388,399,11,386.981,167.686,2,1,56.622,48.447,7,3,400,451,51,269.727,37.097,51,15,48.672,42.708,0,13,90,1500,452,465,13,411.25,221.215,5,4,58.822,43.34,3,3,466,487,21,344.159,131.094,20,4,50.762,30.14,21,2,488,499,11,375.275,162.302,10,3,68.122,61.198,8,3,500,529,29,257.842,55.151,25,9,53.738,47.788,0,8,74,1233.33333333333,530,543,13,619.61,207.476,5,3,49.008,31.63,4,3,544,563,19,358.27,139.553,19,2,38.376,18.069,19,2,564,579,15,400.357,136.698,0,3,67.457,61.964,8,3,580,603,23,168.454,57.68,19,3,56.365,47.584,0,2,70,1166.66666666667,604,615,11,230.468,103.232,9,3,44.436,36.873,4,3,616,643,27,822.295,191.312,13,8,59.034,37.879,15,6,644,663,19,473.245,137.191,8,5,55.402,43.925,7,7,664,747,83,1134.301,119.975,45,6,56.518,21.496,43,6,140,2333.33333333333,748,759,11,607.646,303.634,1,2,27.23,9.935,7,3,760,795,35, , , , , , , , ,796,809,13,522.82,187.839,0,3,61.593,54.243,9,3,810,833,23,213.217,67.315,19,3,52.194,43.758,0,2,82,1366.66666666667,834,847,13,1148.426,407.058,10,4,48.015,32.876,9,4, , , , , , , , , , , , , , , , , , , , , , , , , , , , , , , , , , , , , , , , , , , , , , , , , , , , , , , , , , , , , , , , , , , , , , , , , , , , , , , , , , , , , , , , , , , , , , , , , , , , , , ,2,22,1,1,1,16,29,1,9,7,98,73,44,16.5,42.5,26.666,22.333,12
021,16,2,22,884.053,226.136,19,8,44.31,21.75,20,7,24,63,39,241.032,64.104,38,8,28.509,16.935,39,10,64,73,9,256.069,136.635,2,1,48.153,42.238,5,1,74,119,45,131.454,34.11,27,12,44.667,37.202,1,10,115,1916.66666666667,120,129,9,64.259,32.715,6,3,35.629,34.667,0,3,130,169,39,173.535,61.169,19,8,35.344,25.376,0,8,170,181,11,121.498,51.008,6,1,40.757,35.323,11,0,182,247,65,215.732,53.968,2,13,39.628,32.243,0,13,124,2066.66666666667,248,259,11,209.81,81.091,2,4,21.382,16.967,3,4,260,331,71,507.062,86.211,37,17,27.541,13.474,49,12,332,345,13,113.17,75.988,5,2,20.532,14.582,1,2,346,401,55,1183.907,218.241,41,13,84.512,30.264,46,12,150,2500,402,411,9,601.989,228.204,5,1,27.138,6.023,9,0,412,453,41,341.086,95.466,20,9,30.519,16.785,6,9,454,467,13,639.394,170.658,9,5,16.746,7.429,0,4,468,517,49,441.132,94.68,27,7,35.464,19.618,48,5,112,1866.66666666667,518,534,16,481.114,133.189,5,2,44.65,27.707,3,2,535,567,32,535.213,91.784,21,13,24.294,19.658,17,11,568,583,15,284.129,82.132,3,2,25.883,21.535,7,2,584,637,53,420.418,81.905,51,9,32.6,17.476,53,5,116,1933.33333333333,638,649,11,366.778,131.395,6,4,34.751,24.771,0,3,650,703,53,1264.005,113.469,51,15,32.141,19.815,49,16,704,717,13, , , , , , , , ,718,775,57, , , , , , , , ,134,2233.33333333333,776,787,11,702.351,282.335,3,4,35.294,18.273,4,4,788,821,33,240.022,61.494,26,5,35.693,21.413,32,5,822,839,17,110.24,65.444,15,4,34.055,30.678,13,5,840,881,41,286.319,89.162,27,3,29.351,14.98,0,3,102,1700,882,893,11,267.264,130.953,4,2,37.622,27.64,3,1, , , , , , , , , , , , , , , , , , , , , , , , , , , , , , , , , , , , , , , , , , , , , , , , , , , , , , , , , , , , , , , , , , , , , , , , , , , , , , , , , , , , , , , , , , , , , , , , , , , , , , , , , , , , , , , , , , , , , , , , , , , , , , , , , , , , , , , , , , , , , , , , , , , , , , , , , , , , , , , , , , , , , , , , , , , , , , , , , , , , , , , , , , , , , , , , , , ,2,77,1,2,1,17,25,11,6,4,110,63,20,54.5,119,16.666,13.833,14
022,17,2, , , , , , , , , ,38,77,39,239.925,41.542,0,6,15.342,4.189,39,5,78,91,13,214.116,142.802,3,0,14.978,-2.223,13,0,92,137,45, , , , , , , , , , ,138,147,9, , , , , , , , ,148,183,35, , , , , , , , ,184,193,9, , , , , , , , ,194,235,41, , , , , , , , ,94,1566.66666666667,236,247,11, , , , , , , , ,248,315,67, , , , , , , , ,316,335,19, , , , , , , , ,336,375,39, , , , , , , , ,136,2266.66666666667,376,387,11, , , , , , , , ,388,419,31, , , , , , , , ,420,433,13, , , , , , , , ,434,479,45, , , , , , , , ,100,1666.66666666667,480,489,9,554.866,258.464,3,2,26.548,12.185,2,2,490,517,27,208.999,66.855,0,13,26.793,21.537,26,8,518,531,13,180.846,86.089,5,5,24.131,20.596,6,4,532,567,35, , , , , , , , ,84,1400,568,579,11, , , , , , , , ,580,607,27,468.707,107.166,15,7,19.089,13.43,14,6,608,621,13,1598.599,296.457,13,3,50.455,21.314,13,3,622,667,45, , , , , , , , ,96,1600,668,681,13, , , , , , , , ,682,735,53, , , , , , , , ,736,749,13,178.743,71.758,3,5,26.724,23.357,2,5,750,781,31,3380.427,353.269,6,3,85.49,-8.385,5,3,110,1833.33333333333,790,801,11, , , , , , , , ,802,833,31,1171.828,160.123,23,8,32.762,14.759,22,8,834,851,17,1726.223,351.729,15,5,80.268,30.317,16,5,852,887,35, , , , , , , , ,94,1566.66666666667,888,899,11, , , , , , , , , , , , , , , , , , , , , , , , , , , , , , , , , , , , , , , , , , , , , , , , , , , , , , , , , , , , , , , , , , , , , , , , , , , , , , , , , , , , , , , , , , , , , , , , , , , , , , , , , , , , , , , , , , , , , , , , , , , , , , , , , , , , , , , , , , , , , , , , , , , , , , , , , , , , ,1,67,1,1,2,20,28,3,6,5,83,56,33,47,120,40.666,34.333,24
024,18,2,24,215.087,90.215,9,3,60.983,43.711,4,4,26,51,25,159.435,66.784,23,5,30.698,22.853,0,3,52,67,15,148.558,65.053,5,1,44.001,37.934,13,1,68,105,37,150.242,49.967,32,8,42.624,33.303,1,6,101,1683.33333333333,106,115,9,373.299,94.622,0,4,30.923,28.176,7,3,116,199,83,809.184,137.654,35,14,47.547,24.464,72,12,200,213,13,83.594,35.992,1,3,47.714,46.484,9,3,214,249,35,97.216,34.998,35,5,43.851,37.731,0,3,140,2333.33333333333,250,259,9,339.916,108.61,5,1,37.322,30.969,3,1,260,323,63,175.05,61.395,59,9,44.667,32.943,48,9,324,337,13,92.641,49.247,2,1,40.994,37.404,10,1,338,367,29,142.228,44.084,29,5,38.089,30.434,0,3,114,1900,368,379,11,278.113,98.29,5,2,37.09,31.052,3,2,380,425,45,347.254,77.289,17,8,37.873,29.585,34,7,426,439,13,178.977,71.911,8,1,38.724,32.396,10,1,440,475,35,571.469,114.455,15,8,46.731,30.804,28,2,104,1733.33333333333,476,487,11,186.838,63.626,3,1,27.248,23.802,5,1,488,547,59,215.21,79.204,11,8,46.238,32.274,41,7,548,561,13,167.978,81.076,2,1,36.679,31.227,9,1,562,605,43,90.887,38.943,28,10,33.933,26.577,2,7,126,2100,606,617,11,157.893,90.92,1,2,29.302,25.88,7,2,618,647,29,216.251,62.462,25,6,30.67,22.236,2,6,648,661,13,283.871,88.201,2,3,40.937,35.883,6,2,662,719,57, , , , , , , , ,110,1833.33333333333,720,733,13, , , , , , , , ,734,767,33, , , , , , , , ,768,781,13, , , , , , , , ,782,821,39, , , , , , , , ,98,1633.33333333333,822,833,11, , , , , , , , ,834,863,29, , , , , , , , ,864,879,15, , , , , , , , , , , , , , , , , , , , , , , , , , , , , , , , , , , , , , , , , , , , , , , , , , , , , , , , , , , , , , , , , , , , , , , , , , , , , , , , , , , , , , , , , , , , , , , , , , , , , , , , , , , , , , , , , , , , , , , , , , , , , , , , , , , , , , , , , , , , , , , , , , , , , , , , , , , , , , , , , , , , , , , , , , , , , , , , , , , , ,2,75,1,1,1,11.5,29,3,11,8,103,77,28,37.5,124,26,19.333,23
025,19,2, , , , , , , , , ,8,93,85,736.148,146.515,59,14,56.427,30.322,36,16,94,113,19,152.753,56.85,1,6,50.936,48.164,12,6,114,201,87,273.713,34.843,87,28,50.778,41.543,19,21, , ,202,211,9,598.89,280.551,2,1,58.188,46.646,4,1,212,283,71,801.717,129.012,34,12,62.235,19.702,20,6,284,295,11,139.052,51.342,5,2,34.525,28.673,11,0,296,355,59,292.898,93.762,50,8,48.949,25.026,55,6,150,2500,356,365,9,471.347,195.232,1,2,53.583,43.885,2,2,366,403,37,153.74,53.281,0,6,43.537,32.205,1,4,404,417,13, , , , , , , , ,418,711,293, , , , , , , , ,352,5866.66666666667,712,723,11,769.769,294.68,1,2,65.884,50.962,3,1,724,755,31,306.849,115.64,2,2,62.989,40.807,4,3,756,769,13,221.805,82.921,8,5,47.599,42.054,9,4,770,867,97, , , , , , , , ,152,2533.33333333333,868,877,9, , , , , , , , , , , , , , , , , , , , , , , , , , , , , , , , , , , , , , , , , , , , , , , , , , , , , , , , , , , , , , , , , , , , , , , , , , , , , , , , , , , , , , , , , , , , , , , , , , , , , , , , , , , , , , , , , , , , , , , , , , , , , , , , , , , , , , , , , , , , , , , , , , , , , , , , , , , , , , , , , , , , , , , , , , , , , , , , , , , , , , , , , , , , , , , , , , , , , , , , , , , , , , , , , , , , , , , , , , , , , , , , , , , , , , , , , , , , , , , , , , , , , , , , , , , , , , , , , , , , , , , , , , , , , , , , , , , , , , , , , , , , , , , , , , , , , , , , , , , , , , , , , , , , , , , , , , , , , , , , , , , , , , , , , , , , , , , , , , , , ,2,79,1,3,1,13,29,11,6,7,94,67,26,37.5,78.5,24.666,21,24
026,20,2,16, , , , , , , , ,18,135,117, , , , , , , , ,136,145,9, , , , , , , , ,146,221,75, , , , , , , , ,217,3616.66666666667,222,231,9, , , , , , , , ,232,307,75, , , , , , , , ,308,321,13, , , , , , , , ,322,373,51, , , , , , , , ,148,2466.66666666667,374,383,9, , , , , , , , ,384,439,55, , , , , , , , ,440,453,13, , , , , , , , ,454,489,35, , , , , , , , ,112,1866.66666666667,490,501,11, , , , , , , , ,502,537,35, , , , , , , , ,538,549,11, , , , , , , , ,550,597,47, , , , , , , , ,104,1733.33333333333,598,609,11, , , , , , , , ,610,643,33, , , , , , , , ,644,659,15, , , , , , , , ,660,717,57, , , , , , , , ,116,1933.33333333333,718,731,13, , , , , , , , ,732,771,39, , , , , , , , ,772,785,13, , , , , , , , ,786,821,35, , , , , , , , ,100,1666.66666666667,822,835,13, , , , , , , , ,836,869,33, , , , , , , , , , , , , , , , , , , , , , , , , , , , , , , , , , , , , , , , , , , , , , , , , , , , , , , , , , , , , , , , , , , , , , , , , , , , , , , , , , , , , , , , , , , , , , , , , , , , , , , , , , , , , , , , , , , , , , , , , , , , , , , , , , , , , , , , , , , , , , , , , , , , , , , , , , , , , , , , , , , , , , , , , , , , , , , , , , , , , , , , , , , , , , , , , , , , , , , , , , , , , , , , , , , , , , , , , , , , , , , , , , , , , , , , , , , , , ,2,93,2,1,2,11,26,7,9,7,100,68,26,60,156,15.333,15,24
027,21,2,16,320.224,110.862,3,3,37.655,26.469,2,3,18,65,47, , , , , , , , ,66,75,9,286.538,133.466,0,1,57.35,52.251,6,1,76,125,49,300.947,64.739,42,9,52.902,39.887,0,8,121,2016.66666666667,126,135,9,363.324,187.747,2,3,26.533,21.665,1,3,136,191,55, , , , , , , , ,192,201,9,147.58,90.478,9,2,20.444,16.232,6,1,202,263,61,1074.958,117.561,3,10,44.782,2.831,4,4,134,2233.33333333333,264,273,9, , , , , , , , ,274,305,31,138.951,52.745,31,3,67.037,56.588,5,4,306,315,9,483.208,247.804,2,0,42.929,19.057,0,0,316,373,57,100.344,22.132,12,4,2.781,-5.734,57,2,106,1766.66666666667,374,383,9,170.215,108.592,6,1,4.362,-4.98,0,0,384,433,49,170.498,67.378,20,6,21.005,9.463,49,6,434,445,11,3442.588,502.797,11,2,54.811,21.113,11,2,446,725,279, , , , , , , , ,348,5800,726,735,9,305.571,97.702,0,4,42.975,40.234,5,3,736,777,41,833.842,111.286,23,5,43.482,35.37,28,6,778,791,13,199.975,100.459,10,2,30.896,25.13,4,3,792,881,89, , , , , , , , ,152,2533.33333333333,882,893,11, , , , , , , , , , , , , , , , , , , , , , , , , , , , , , , , , , , , , , , , , , , , , , , , , , , , , , , , , , , , , , , , , , , , , , , , , , , , , , , , , , , , , , , , , , , , , , , , , , , , , , , , , , , , , , , , , , , , , , , , , , , , , , , , , , , , , , , , , , , , , , , , , , , , , , , , , , , , , , , , , , , , , , , , , , , , , , , , , , , , , , , , , , , , , , , , , , , , , , , , , , , , , , , , , , , , , , , , , , , , , , , , , , , , , , , , , , , , , , , , , , , , , , , , , , , , , , , , , , , , , , , , , , , , , , , , , , , , , , , , , , , , , , , , , , , , , , ,1,68,2,1,1,17,30,4,10,8,102,57,33,29.5,56.5,39.666,32.333,22
029,22,2,14,213.063,71.36,0,3,31.136,23.059,0,2,16,61,45, , , , , , , , ,62,77,15,220.083,137.86,13,2,84.042,65.842,15,4,78,175,97, , , , , , , , ,171,2850,176,187,11,341.998,133.025,0,4,28.705,23.319,5,2,188,253,65,386.234,77.097,33,16,47.675,38.491,37,16,254,269,15,326.44,117.92,5,5,52.78,45.509,3,5,270,375,105, , , , , , , , ,196,3266.66666666667,376,389,13, , , , , , , , ,390,431,41, , , , , , , , ,432,449,17, , , , , , , , ,450,521,71, , , , , , , , ,142,2366.66666666667,522,533,11, , , , , , , , ,534,655,121, , , , , , , , ,656,669,13, , , , , , , , ,670,739,69, , , , , , , , ,214,3566.66666666667,740,749,9, , , , , , , , ,750,793,43, , , , , , , , ,794,817,23, , , , , , , , , , , , , , , , , , , , , , , , , , , , , , , , , , , , , , , , , , , , , , , , , , , , , , , , , , , , , , , , , , , , , , , , , , , , , , , , , , , , , , , , , , , , , , , , , , , , , , , , , , , , , , , , , , , , , , , , , , , , , , , , , , , , , , , , , , , , , , , , , , , , , , , , , , , , , , , , , , , , , , , , , , , , , , , , , , , , , , , , , , , , , , , , , , , , , , , , , , , , , , , , , , , , , , , , , , , , , , , , , , , , , , , , , , , , , , , , , , , , , , , , , , , , , , , , , , , , , , , , , , , , , , , , , , , , , , , , , , , , , , , , , , , , , , , , , , , , , , , , , , , , , , , , , , , , , , ,2,79,1,2,2,7,26,2,10,4,89,49,29,38.5,141,25,26.5,24
0210,23,2,22,143.106,50.91,10,3,55.672,44.898,0,2,24,67,43,245.476,80.069,43,2,40.994,26.11,3,1,68,77,9,324.729,152.496,1,1,60.911,55.59,5,1,78,125,47,404.73,73.897,39,9,56.052,44.933,0,7,121,2016.66666666667,126,135,9,610.922,271.941,2,3,58.421,45.198,3,3,136,241,105,818.237,131.73,80,21,58.731,20.752,82,23,242,257,15,562.54,186.661,0,3,36.293,28.248,9,3,258,319,61, , , , , , , , ,190,3166.66666666667,320,335,15, , , , , , , , ,336,371,35,681.825,139.752,9,8,40.872,24.408,11,6,372,385,13,1254.57,351.067,8,3,40.722,12.159,3,3,386,461,75,529.411,42.562,75,0,21.797,-6.34,0,2,138,2300,462,473,11,278.693,150.709,5,2,31.327,23.002,3,2,474,519,45,779.936,147.876,15,8,39.014,26.967,19,6,520,535,15,149.762,66.578,11,5,35.121,31.052,5,5,536,585,49, , , , , , , , ,120,2000,586,599,13, , , , , , , , ,600,629,29,164.694,61.828,9,8,33.174,22.015,29,3,630,645,15,294.793,69.138,10,5,35.625,27.784,3,4,646,701,55, , , , , , , , ,112,1866.66666666667,702,717,15,1146.063,294.87,6,3,26.969,1.761,4,3,718,753,35,274.204,100.459,19,10,35.328,21.359,6,10,754,771,17,145.063,49.419,0,3,38.108,34.81,13,3,772,869,97,196.477,53.5,83,30,39.665,33.627,18,21,164,2733.33333333333,870,883,13,156.387,97.838,8,3,34.85,29.186,5,3, , , , , , , , , , , , , , , , , , , , , , , , , , , , , , , , , , , , , , , , , , , , , , , , , , , , , , , , , , , , , , , , , , , , , , , , , , , , , , , , , , , , , , , , , , , , , , , , , , , , , , , , , , , , , , , , , , , , , , , , , , , , , , , , , , , , , , , , , , , , , , , , , , , , , , , , , , , , , , , , , , , , , , , , , , , , , , , , , , , , , , , , , , , , , , , , , , , , , , , , , , , , , , , , , , , , , , , , , , , , , , , , , , , , , , , , , , , , , , , , ,2,78,1,1,3,14.5,27,8,6,4,68,39,29,47,119,18.5,20,24
0211,24,2,10,606.009,327.966,7,2,38.01,20.455,0,4,12,139,127,606.233,94.219,15,25,51.969,17.708,26,16,140,151,11,254.542,98.493,3,2,33.894,29.127,1,1,152,209,57,172.837,48.414,56,10,41.996,33.437,10,8,205,3416.66666666667,210,219,9,703.946,206.844,5,3,45.472,30.041,3,3,220,269,49,377.425,106.735,23,8,41.798,13.345,42,4,270,281,11,177.283,77.682,7,2,35.448,28.698,0,1,282,337,55,255.212,80.334,28,7,26.745,-.44,46,6,124,2066.66666666667,338,347,9,349.265,258.855,7,0,16.229,-5.456,0,0,348,393,45, , , , , , , , ,394,403,9,143.176,58.899,3,3,46.185,43.489,5,2,404,459,55,412.913,124.111,43,13,45.949,34.318,21,11,118,1966.66666666667,460,471,11,463.683,132.349,7,4,34.378,28.591,1,4,472,539,67, , , , , , , , ,540,553,13, , , , , , , , ,554,601,47, , , , , , , , ,138,2300,602,611,9, , , , , , , , ,612,645,33, , , , , , , , ,646,655,9, , , , , , , , ,656,715,59, , , , , , , , ,110,1833.33333333333,716,727,11, , , , , , , , ,728,785,57, , , , , , , , ,786,799,13, , , , , , , , ,800,851,51, , , , , , , , ,132,2200,852,863,11, , , , , , , , , , , , , , , , , , , , , , , , , , , , , , , , , , , , , , , , , , , , , , , , , , , , , , , , , , , , , , , , , , , , , , , , , , , , , , , , , , , , , , , , , , , , , , , , , , , , , , , , , , , , , , , , , , , , , , , , , , , , , , , , , , , , , , , , , , , , , , , , , , , , , , , , , , , , , , , , , , , , , , , , , , , , , , , , , , , , , , , , , , , , , , , , , , , , , , , , , , , , , , , , , , , , , , , , , , , , , , , , , , , , , , , , , , , , , , , , , , , , , , , , ,2,67,1,2,1,18,29,11,6,5,100,66,24,23.5,70,28, ,24
0212,25,2,18,243.556,79.025,16,8,38.47,33.147,13,5,20,113,93, , , , , , , , ,114,123,9,203.526,91.39,8,2,51.457,45.327,9,3,124,175,51,147.285,38.655,51,15,51.447,46.418,21,12,171,2850,176,189,13,306.125,156.887,9,5,58.044,49.391,3,4,190,233,43, , , , , , , , ,234,247,13,540.574,129.395,0,6,33.147,27.405,3,5,248,303,55,305.758,95.138,49,3,33.576,7.766,55,3,124,2066.66666666667,304,315,11,513.809,207.743,2,4,55.32,44.571,3,4,316,363,47,526.042,119.571,30,8,55.193,39.237,8,8,364,379,15,319.779,120.427,4,3,54.019,46.492,5,5,380,423,43,138.15,39.651,43,11,47.316,38.351,0,7,116,1933.33333333333,424,437,13,239.947,118.647,3,3,44.524,39.522,9,3,438,503,65, , , , , , , , ,504,517,13,380.021,130.031,4,1,56.727,45.434,9,3,518,579,61,202.043,31.727,61,13,53.007,46.051,0,9,152,2533.33333333333,580,593,13,261.028,114.61,0,3,59.564,51.37,4,3,594,635,41,573.821,103.963,23,14,65.046,53.471,18,12,636,649,13,218.838,60.781,6,6,53.68,49.831,7,5,650,705,55,80.486,18.811,55,15,54.074,50.699,55,10,122,2033.33333333333,706,717,11,319.672,132.22,8,4,58.197,47.987,1,4,718,735,17,154.391,66.935,17,2,48.806,42.898,14,2,736,747,11,425.122,185.461,2,4,60.129,48.69,4,2,748,859,111,271.223,63.013,93,15,53.764,37.619,42,11,150,2500,860,873,13,558.603,233.73,11,5,58.382,48.051,7,5, , , , , , , , , , , , , , , , , , , , , , , , , , , , , , , , , , , , , , , , , , , , , , , , , , , , , , , , , , , , , , , , , , , , , , , , , , , , , , , , , , , , , , , , , , , , , , , , , , , , , , , , , , , , , , , , , , , , , , , , , , , , , , , , , , , , , , , , , , , , , , , , , , , , , , , , , , , , , , , , , , , , , , , , , , , , , , , , , , , , , , , , , , , , , , , , , , , , , , , , , , , , , , , , , , , , , , , , , , , , , , , , , , , , , , , , , , , , , , , , ,2,67,1,2,1,14,30,2,6,7,98,73,41,31,97.5,30.333,27.833,23
0213,26,2,22,317.3,131.768,5,2,59.403,26.074,0,2,24,65,41, , , , , , , , ,66,79,13, , , , , , , , ,80,127,47, , , , , , , , ,123,2050,128,139,11, , , , , , , , ,140,171,31, , , , , , , , ,172,185,13,528.607,268.752,0,0,71.694,35.577,0,0,186,247,61, , , , , , , , ,116,1933.33333333333,248,259,11, , , , , , , , ,260,293,33,347.701,77.462,18,2,22.33,10.69,11,4,294,307,13,358.78,132.024,0,1,32.985,26.881,6,1,308,355,47,305.22,85.792,17,6,27.594,9.879,30,3,104,1733.33333333333,356,367,11,576.235,230.713,6,1,14.052,-8.849,2,1,368,413,45, , , , , , , , ,414,431,17, , , , , , , , ,432,495,63, , , , , , , , ,136,2266.66666666667,496,507,11,576.709,254.25,10,1,74.394,41.562,11,1,508,599,91, , , , , , , , ,600,621,21, , , , , , , , ,622,671,49,1429.266,210.854,13,5,86.436,23.023,15,3,172,2866.66666666667,672,687,15,940.195,350.575,5,3,15.391,-12.007,3,3,688,821,133, , , , , , , , ,822,833,11,312.105,126.298,3,4,56.74,46.289,1,4,834,883,49,1570.949,145.213,39,8,48.499,29.869,2,10,208,3466.66666666667,884,899,15,776.01,252.084,1,1,47.309,29.067,3,3, , , , , , , , , , , , , , , , , , , , , , , , , , , , , , , , , , , , , , , , , , , , , , , , , , , , , , , , , , , , , , , , , , , , , , , , , , , , , , , , , , , , , , , , , , , , , , , , , , , , , , , , , , , , , , , , , , , , , , , , , , , , , , , , , , , , , , , , , , , , , , , , , , , , , , , , , , , , , , , , , , , , , , , , , , , , , , , , , , , , , , , , , , , , , , , , , , , , , , , , , , , , , , , , , , , , , , , , , , , , , , , , , , , , , , , , , , , , , , , , ,2,74,1,1,1,8,29,2,8,6,89,62,35,42,97.5,24.666,20,24
0214,27,2,12,368.474,111.788,3,5,36.28,28.449,4,5,14,61,47,305.979,116.425,27,13,89.018,57.232,39,16,62,77,15,296.064,145.944,10,3,65.92,49.023,0,5,78,117,39,163.211,45.092,1,17,39.573,31.918,10,23,113,1883.33333333333,118,127,9,305.415,152.074,5,4,39.101,27.621,7,6,128,193,65,699.859,133.332,26,17,87.39,52.451,32,43,194,205,11,226.362,100.217,5,2,51.118,41.51,11,2,206,243,37,93.007,39.321,28,16,51.267,43.199,0,20,122,2033.33333333333,244,257,13,317.363,109.831,7,5,41.325,34.633,7,5,258,327,69,455.275,97.536,21,24,65.606,40.261,25,27,328,341,13,174.495,75.627,0,3,57.169,53.084,4,5,342,379,37,210.565,65.814,1,9,48.41,25.518,0,19,132,2200,380,391,11,345.197,154.866,3,4,38.775,28.979,4,4,392,459,67,254.782,58.669,31,21,39.337,31.711,33,29,460,471,11,185.201,97.699,5,1,42.917,37.24,8,3,472,517,45,862.859,129.427,39,5,39.447,23.234,0,13,134,2233.33333333333,518,529,11,410.515,201.553,1,5,42.453,31.898,8,5,530,595,65,262.445,73.995,30,22,54.585,40.223,23,36,596,615,19,305.104,85.931,9,6,48.42,42.224,14,8,616,671,55,151.756,33.508,0,21,38.718,28.701,0,19,150,2500,672,683,11,218.95,132.013,10,6,38.395,31.732,6,6,684,757,73,132.561,43.617,27,17,28.937,19.428,73,33,758,771,13,283.824,83.878,8,7,43.809,35.797,10,8,772,819,47,124.045,40.576,47,9,42.528,31.824,0,13,144,2400,820,835,15,470.201,139.582,1,6,48.682,37.403,7,9, , , , , , , , , , , , , , , , , , , , , , , , , , , , , , , , , , , , , , , , , , , , , , , , , , , , , , , , , , , , , , , , , , , , , , , , , , , , , , , , , , , , , , , , , , , , , , , , , , , , , , , , , , , , , , , , , , , , , , , , , , , , , , , , , , , , , , , , , , , , , , , , , , , , , , , , , , , , , , , , , , , , , , , , , , , , , , , , , , , , , , , , , , , , , , , , , , , , , , , , , , , , , , , , , , , , , , , , , , , , , , , , , , , , , , , , , , , , , , , , ,1,69,1,2,1,13,28,1,8,6,106,79,44,45.5,66.5,48,49.5,22
0215,28,2,18,554.229,137.002,3,7,56.803,40.419,3,11,20,87,67,366.479,100.977,64,22,60.43,40.652,17,42,88,99,11,259.204,74.73,0,6,60.771,57.174,7,8,100,139,39,155.626,59.702,39,11,61.142,46.556,2,14,135,2250,140,149,9,484.724,281.415,0,3,51.229,43.864,5,3,150,179,29,1121.938,207.459,14,2,53.641,33.328,18,8,180,193,13,279.447,147.056,0,0,45.816,32.112,13,4,194,237,43,168.079,42.203,0,18,51.419,44.815,1,26,94,1566.66666666667,238,251,13,317.12,81.103,9,7,45.716,39.14,3,9,252,291,39,1300.055,261.504,17,6,80.07,34.382,23,12,292,305,13,251.621,96.828,4,6,24.628,19.262,12,7,306,335,29,2148.361,355.298,13,5,86.752,40.879,16,9,94,1566.66666666667,336,359,23,401.124,165.515,0,5,46.65,28.882,6,5,360,393,33,358.439,120.617,11,5,27.954,16.547,3,13,394,407,13,374.845,148.476,3,5,36.192,29.859,9,8,408,521,113,897.062,94.826,29,33,48.485,22.059,34,47,182,3033.33333333333,522,535,13,1100.753,394.178,7,5,33.003,19.622,3,7,536,573,37,626.276,131.891,7,2,63.619,47.315,23,7,574,585,11,459.932,209.555,0,6,56.964,44.228,7,8,586,681,95,225.229,47.936,94,29,58.229,49.531,61,48,156,2600,682,697,15,448.071,188.633,3,5,55.041,43.108,1,9,698,761,63, , , , , , , , ,762,777,15,455.014,214.171,8,6,57.353,39.59,15,4, , , , , , , , , , , , , , , , , , , , , , , , , , , , , , , , , , , , , , , , , , , , , , , , , , , , , , , , , , , , , , , , , , , , , , , , , , , , , , , , , , , , , , , , , , , , , , , , , , , , , , , , , , , , , , , , , , , , , , , , , , , , , , , , , , , , , , , , , , , , , , , , , , , , , , , , , , , , , , , , , , , , , , , , , , , , , , , , , , , , , , , , , , , , , , , , , , , , , , , , , , , , , , , , , , , , , , , , , , , , , , , , , , , , , , , , , , , , , , , , , , , , , , , , , , , , , , , , , , , , , , , , ,2,73,1,1,2,8,27,4,5,4,86,67,38,32.5,77.5,20.333,17.166,20
0216,29,2,14,379.587,133.632,10,6,46.316,36.925,12,8,16,63,47,328.31,82.642,1,14,51.716,34.514,42,26,64,77,13,653.886,206.958,8,7,67.525,51.594,7,7,78,177,99, , , , , , , , ,173,2883.33333333333,178,191,13,2437.776,577.749,1,5,39.12,14.377,2,7,192,227,35,1002.939,152.534,24,12,61.71,30.274,25,18,228,239,11,2092.929,434.314,11,3,60.489,26.759,11,3,240,289,49, , , , , , , , ,108,1800,290,297,7,770.107,360.035,5,3,32.893,18.344,6,3,298,343,45,550.161,106.193,11,11,31.898,20.292,45,17,344,357,13,842.929,249.583,13,1,41.402,26.228,2,7,358,407,49, , , , , , , , ,114,1900,408,417,9, , , , , , , , ,418,465,47, , , , , , , , ,466,477,11, , , , , , , , ,478,551,73, , , , , , , , ,140,2333.33333333333,552,559,7, , , , , , , , ,560,605,45, , , , , , , , ,606,621,15, , , , , , , , ,622,675,53, , , , , , , , ,120,2000,676,685,9, , , , , , , , ,686,743,57, , , , , , , , ,744,763,19, , , , , , , , ,764,831,67, , , , , , , , ,152,2533.33333333333,832,839,7, , , , , , , , ,840,885,45, , , , , , , , ,886,897,11, , , , , , , , , , , , , , , , , , , , , , , , , , , , , , , , , , , , , , , , , , , , , , , , , , , , , , , , , , , , , , , , , , , , , , , , , , , , , , , , , , , , , , , , , , , , , , , , , , , , , , , , , , , , , , , , , , , , , , , , , , , , , , , , , , , , , , , , , , , , , , , , , , , , , , , , , , , , , , , , , , , , , , , , , , , , , , , , , , , , , , , , , , , , , , , , , , , , , , , , , , , , , , , , , , , , , , , , , , , , , , , , , , ,1,74,1,1,1,10,29,6,9,5,98,60,33,40.5,108,39.5,39.5,22
0118,30,2, , , , , , , , , ,1,55,54,188.971,76.766,50,11,22.002,5.948,0,9,56,69,13,116.431,52.265,8,3,29.578,24.591,12,3,70,125,55,408.719,54.092,26,18,34.86,28.812,14,14, , ,126,133,7,578.345,286.523,4,1,52.595,38.911,3,1,134,181,47,450.389,91.308,2,11,50.354,35.233,4,11,182,191,9,195.989,79.949,6,3,43.14,38.306,8,3,192,255,63,255.603,44.508,63,17,41.184,31.096,9,14,126,2100,256,263,7,572.932,254.943,5,2,33.342,25.169,4,2,264,297,33,471.374,108.406,0,7,37.147,23.531,32,7,298,311,13,167.426,55.016,7,7,37.818,34.378,6,5,312,445,133,200.928,42.768,117,35,39.658,27.45,16,23,186,3100,446,453,7,814.103,256.033,2,2,26.541,13.669,4,1,454,497,43, , , , , , , , ,498,517,19,242.899,110.865,10,2,60.83,49.549,8,1,518,591,73,337.845,67.49,73,11,43.76,31.477,26,9,142,2366.66666666667,592,601,9,599.076,236.988,0,1,52.702,37.419,1,3,602,631,29,519.82,131.982,8,8,36.945,21.732,4,6,632,645,13,590.433,159.626,4,5,47.404,37.393,11,5,646,711,65,245.862,39.11,65,21,42.188,29.023,0,13,116,1933.33333333333,712,721,9,407.827,175.195,0,3,39.195,33.149,1,2,722,745,23,600.572,125.394,0,7,23.866,2.185,0,5,746,757,11,384.443,239.57,3,1,49.317,34.088,8,1,758,867,109,242.277,44.9,15,33,42.142,36.438,76,25,152,2533.33333333333,868,875,7,436.287,301.747,5,1,48.042,36.6,2,1, , , , , , , , , , , , , , , , , , , , , , , , , , , , , , , , , , , , , , , , , , , , , , , , , , , , , , , , , , , , , , , , , , , , , , , , , , , , , , , , , , , , , , , , , , , , , , , , , , , , , , , , , , , , , , , , , , , , , , , , , , , , , , , , , , , , , , , , , , , , , , , , , , , , , , , , , , , , , , , , , , , , , , , , , , , , , , , , , , , , , , , , , , , , , , , , , , , , , , , , , , , , , , , , , , , , , , , , , , , , , , , , , , , , , , , , , , , , , , , , ,1,70,1,2,2,13.5,30,7,8,4,98,53,26,29,102,29.333,27.333,20
